,Unnamed: 0,Protocol,Start Time,End Time,Lost Packets,Duration,Window Size,Total Packets
0,0,GbN,1681267389,1681267481,148,92.23391962,4,230
0,0,GbN,1681267671,1681267742,203,71.90924072,8,285
0,0,GbN,1681267837,1681267918,366,80.57056117,12,448
0,0,GbN,1681268038,1681268119,574,81.87755895,16,656
0,0,GbN,1681268255,1681268317,596,61.72167921,24,678
